name	type	position	institution	location	lat	lon	include	notes
Regina Fairbanks	grad	Postdoc	U. Chicago				yes	PhD student 2021-2026 (Postdoc U. Chicago)
Elli Cryan	grad	Postdoc	UC Irvine				yes	PhD student 2018-2025 (Postdoc UC Irvine)
Ayelet Salman-Minkov	other	Research Scientist	Reichman University	Herzliya, Israel			yes	Project Scientist 2023-2024
Alyssa Phillips	grad	Research Scientist	Atlanta Botanical Garden				yes	PhD student 2018-2024 (Postdoc UC Berkeley)
Garnet Phinney	undergrad	PhD Student	UC Irvine				yes	Undergraduate researcher, 2023-2024 (PhD Student UC Irvine)
Sarah Nicholson	grad	Data Scientist	Harvard				yes	PhD student 2016-2023
Edwin Solares	postdoc	Lecturer	UC San Diego				yes	Postdoc 2021-2023 (Lecturer, UC Davis)
Miriam Nancy Salazar Vidal	postdoc	Research Scientist	U Missouri				yes	Postdoc 2018-2023 (Research Scientist, U Missouri)
Mitra Menon	postdoc	Research Scientist	Form Bio	San Carlos, CA			yes	Postdoc 2020-2022 (Computational Biologist, Form Bio)
Julianna Porter	undergrad	PhD Student	UC Davis				yes	Postbac, 2021-2022 (PhD Student, UC Davis)
Luke Sparreo	undergrad	PhD Student	CUNY New York				yes	Summer REU, 2022
Sowmya Mambakkam	grad	Graduate Student	UC San Diego				yes	MS student (Graduate student, UC San Diego)
Asher Hudson	grad	Research Scientist	Corteva Agriscience	Johnston Iowa			yes	PhD student, 2017-2022 (Postdoc, USDA NC State)
Catherine Rushworth	postdoc	Asst. Prof	Utah State				yes	Postdoc 2018-2022 (Asst. Prof, Utah State)
Silas Tittes	postdoc	Research Scientist	U Oregon				yes	Postdoc 2018-2022 (Research Scientist, U Oregon)
Robert Horvath	postdoc	Postdoc	U. Zurich				yes	Postdoc 2020-2021 (Postdoc, U. Zurich)
Ning Yang	postdoc	Professor	Huazhong Ag. University	Wuhan			yes	Postdoc 2019-2021 (Professor, Huazhong Ag. University)
Daniel Gates	postdoc	Bioinformatician	Checkerspot	Winters, CA			yes	Postdoc 2016-2020 (Bioinformatician, Checkerspot)
Sarah Turner-Hissong	postdoc	Research Scientist	Bayer Crop Sci.	St. Louis			yes	Postdoc 2019-2020 (Research Scientist, Bayer Crop Sci.)
Michelle Stitzer	grad	Research Scientist	Cornell				yes	PhD student 2013-2019 (NSF Postdoc, Cornell)
Dianne Velasco	grad	Research Scientist	UC Davis				yes	PhD Student 2010-2019 (USDA-ARS National Clonal Germplasm Repository)
Li Wang	postdoc	Professor	Agricultural Genomics Institute Shenzhen	Shenzhen			yes	Postdoc 2018-2019 (Research Scientist, Agricultural Genomics Institute Shenzhen)
Markus Stetter	postdoc	Professor	University of Cologne				yes	Postdoc 2017-2019 (Asst. Group Leader, U. Köln)
Wenbin Mei	postdoc	Scientist	Inari Agriculture	Cambridge, Mass.			yes	Postdoc 2016-2018 (Scientist at Inari Agriculture)
Anne Lorant	postdoc	Bioinformatician	LBMCC	Luxembourg			yes	Lab manager, PhD student, postdoc 2013-2018 (Bioinformatician, LBMCC)
Emily Josephs	postdoc	Asst. Professor	MSU				yes	Postdoc 2015-2018 (Asst. Professor, MSU)
Luis Avila	other	Research Scientist	Genentech	Sacramento			yes	Programmer 2016-2018 (Research Scientist, Genentech)
Anna O'Brien	grad	Asst. Professor	U New Hampshire				yes	PhD Student 2011-2017 (Postdoc, U. Toronto)
Jinliang Yang	postdoc	Professor	U. Nebraska				yes	Postdoc 2014-2017 (Assistant Professor, U. Nebraska)
Paul Bilinski	grad	Associate Professor	West Shore Community College	Scottville, Michigan			yes	PhD Student 2010-2016 (Associate Professor, West Shore Community College)
Simon Renny-Byfield	postdoc	Research Scientist	Corteva Agriscience	Johnston Iowa			yes	Postdoc 2014-2016 (Research Scientist, Corteva Agriscience)
Kate Crosby	postdoc	Research Scientist	Local Bounti	Sacramento			yes	Postdoc 2014-2015 (Research Scientist, Indigo Ag)
Sayuri Tsukahara	postdoc	Researcher	University of Tokyo				yes	Postdoc 2013-2015
Tim Beissinger	postdoc	CTO	Heritable Ag	San Jose			yes	Postdoc 2014-2015 (Professor, U. Göttingen)
Arun Durvasula	undergrad	Professor	USC	Los angeles			yes	Undergraduate 2013-2015 (PhD Student, UCLA)
Chris Fiscus	undergrad	PhD Student	UC Riverside				yes	Undergraduate 2014 (PhD Student, UC Riverside)
Tyler Kent	undergrad	Postdoc	U. Chicago				yes	Undergraduate 2013-2015 (PhD Student, U. Toronto)
Vince Buffalo	other	Data Scientist	Gates Foundation	Seattle, Washington			yes	Programmer 2013-2014 (Postdoc, U Oregon)
Sofiane Mezmouk	postdoc	Research Scientist	KWS	Einbeck Germany			yes	Postdoc 2012-2014 (Research Scientist, KWS)
Shohei Takuno	postdoc	Professor	SOKENDAI	Hayama, Japan			yes	Postdoc 2012-2013 (Asst. Professor, SOKENDAI)
Matthew Hufford	postdoc	Professor	Iowa State	Ames, Iowa			yes	Postdoc 2010-2013 (Assoc. Professor, Iowa State)
Tanja Pyhäjärvi	postdoc	Professor	U. Helsinki				yes	Postdoc 2010-2012 (Associate Professor, U. Helsinki)
Joost van Heerwaarden	postdoc	Research Scientist	U. Wageningen				yes	Postdoc 2009-2011 (Researcher, U. Wageningen)
Tom Kono	undergrad	Sysadmin	U. Minnesota				yes	
