query	lat	lon
U. Chicago	41.7886	-87.5987
UC Irvine	33.6458956	-117.842799
Herzliya, Israel	32.1656255	34.846902300000004
Atlanta Botanical Garden	33.7910822	-84.3732295
Harvard	42.3657432	-71.1222139
UC San Diego	32.7724979	-117.1880314
U Missouri	38.9404	-92.3277
San Carlos, CA	37.504936	-122.261823
UC Davis	38.5337904	-121.7907544
CUNY New York	40.7485188	-73.9836393
Johnston Iowa	41.6731523	-93.6973395
Utah State	41.7452	-111.8097
U Oregon	44.0448	-123.0726
U. Zurich	47.3744	8.5485
Wuhan	30.578891	114.2921197
Winters, CA	38.5249065	-121.970801
St. Louis	38.6254063	-90.190009
Cornell	42.4534	-76.4735
Shenzhen	22.5445741	114.0545429
University of Cologne	50.9280445	6.9281305
Cambridge, Mass.	42.3656347	-71.1040018
Luxembourg	49.8158683	6.1296751
MSU	42.7023794	-84.4803869
Sacramento	38.5810606	-121.493895
U New Hampshire	43.1376477	-70.930927
U. Nebraska	40.8202	-96.7005
Scottville, Michigan	43.954728	-86.280079
University of Tokyo	35.7117157	139.7637457
San Jose	37.3361663	-121.890591
Los angeles	34.0536909	-118.242766
UC Riverside	33.9642576	-117.3398097
Seattle, Washington	47.6038321	-122.330062
Einbeck Germany	51.8222338	9.8991418
Hayama, Japan	35.2719497	139.5860744
Ames, Iowa	42.0267567	-93.6170448
U. Helsinki	60.1666204	24.9435408
U. Wageningen	51.9745599	5.6763153
U. Minnesota	44.9544181	-93.0973383
Los Angeles	34.0536909	-118.242766
